strassenna,strassenkl,strassennr,Anzahl Unfälle
Greifentreppe,W1,"762","0"
Guggeienstrasse,G3,"764","0"
Hintere Davidstrasse,G3,"556","0"
Wiesenweidstrasse,G3,"576","0"
Dohlengässlein,W1,"734","0"
Schokoladenweg,G3,"423","0"
Seelenhofweg,W2,"864","0"
Seelenhofweg,W2,"864","0"
Ankerstrasse,G3,"16","0"
Hochwachtstrasse,G3,"213","0"
Wiboradatreppe,W1,"902","0"
Straussenhausweg,W2,"882","0"
Bauhofstrasse,G2,"30","0"
Höchster Strasse,G2,"215","0"
Tambourenweg,W2,"884","0"
Untere Büschenstrasse,G2,"889","0"
Bänkliweg,W1,"710","0"
Bergtreppe,W1,"712","0"
Kleinbergstrasse,G2,"252","0"
Steigerstrasse,G2,"469","0"
Hirschengässlein,G2,"779","0"
Egghöhenweg,W2,"738","0"
Löwengasse,G2,"293","0"
Nordstrasse,G2,"337","0"
Mittlerer Hompeliweg,W2,"314","0"
Mövenweg,G3,"316","0"
Mövenweg,W2,"316","0"
Zilweg,W2,"546","0"
Flüelistrasse,G3,"120","0"
Rehburgstrasse,G2,"563","0"
Storchenweg,W2,"937","0"
Neugasse-Durchbruch,G2,"816","0"
Alte Konstanzer Strasse,W2,"620","0"
Quellenstrasse,G3,"588","0"
Quellenstrasse,G3,"588","0"
Buchenweg,W1,"725","0"
Guggerstrasse,G2,"622","0"
Sägegässlein,G3,"399","0"
Hagenbuchstrasse,G3,"180","0"
Hagenbuchstrasse,G2,"180","0"
Schmidweidliweg,W1,"415","0"
Schulstrasse,G2,"432","0"
Schirmerweg,W2,"857","0"
Sonnenbergweg,W1,"870","0"
Schützengasse,G2,"431","0"
Ebenalpstrasse,G3,"645","0"
Auf dem Damm,G2,"20","0"
Hiltystrasse,G2,"1010","0"
Hiltystrasse,G3,"1010","0"
Hubertusstrasse,G2,"223","0"
Segantinistrasse,G3,"438","0"
Fluhweg,W1,"912","0"
Greithweg,W2,"684","0"
Bitzistrasse,G3,"46","0"
Turmgasse,G2,"498","0"
Walkeweg,W2,"897","0"
Brückengasse,G2,"60","0"
Brühlbleichestrasse,G2,"61","0"
Brunnenbergstrasse,G2,"67","0"
Lenaustrasse,G2,"280","0"
Federerweg,W1,"742","0"
Dierauerstrasse,G2,"85","0"
Unterer Fidesweg,W1,"911","0"
Lettenstrasse,G2,"285","0"
Turnerstrasse,G2,"499","0"
Mattenweg,G3,"305","0"
Waldmannstrasse,G2,"519","0"
Fichtetreppe,W1,"744","0"
Dürrenmattstrasse,G2,"1049","0"
Bruggwiesenweg,G3,"66","0"
Koblerstrasse,G2,"950","0"
Brunnenbergsteig,W1,"723","0"
Herbrigweg,W2,"689","0"
Katharinengasse,G2,"247","0"
Brugghalden,G2,"63","0"
Adlerbergtreppe,W1,"701","0"
Gutenbergstrasse,W1,"917","0"
Güterbahnhofstrasse,G2,"916","0"
Ilgenstrasse,G2,"227","0"
Freudenbergweg,W2,"913","0"
Friedhofstrasse,G2,"127","2"
Speicherweg,W1,"873","0"
Schlösslistrasse,G2,"413","0"
Feuergasse,G3,"609","0"
Redingstrasse,G2,"374","0"
Resedaweg,W1,"832","0"
Gessnerstrasse,G2,"144","0"
Knottergässlein,W1,"795","0"
Knottergässlein,G3,"795","0"
Friedaustrasse,W1,"125","0"
Hechtgasse,G2,"562","0"
Falkensteinstrasse,G2,"107","0"
Falkensteinstrasse,G2,"107","0"
Gerenweg,W1,"759","0"
Oberer Kirchliweg,G3,"348","0"
Wolfgangweg,G2,"541","0"
Fuchsenweg,W1,"755","0"
Engelaustrasse,G2,"95","0"
Lehnstrasse,G1,"278","0"
Lehnstrasse,G2,"278","0"
Unterer Hompeliweg,W1,"506","0"
Drosselweg,W1,"737","0"
Vadianstrasse,G2,"509","1"
Dreilindengässlein,W1,"735","0"
Birtweg,W1,"717","0"
Birtweg,W1,"717","0"
Innerer Sonnenweg,G3,"233","0"
Hätterensteg,W2,"920","0"
Rechensteg,W2,"927","0"
Obere Wassergasse,G3,"926","0"
Blumenstrasse,G3,"51","0"
Heiligkreuzstrasse,G2,"197","0"
Heiligkreuzstrasse,G2,"197","0"
Talhofstrasse,G2,"883","0"
Sömmerliweg,W2,"869","0"
Russenweg,W2,"843","0"
Schreinerstrasse,G2,"427","0"
Steineggwaldweg,W2,"880","0"
Sennhüslenstrasse,G3,"865","0"
Rosenbergstrasse,G3,"387","0"
Pestalozzitreppe,W1,"829","0"
Rotmontenstrasse,G2,"841","0"
Pelikanstrasse,G2,"362","0"
Sonnengartenstrasse,G2,"570","0"
Hafnertreppe,W1,"767","0"
Guggeienstrasse,G3,"764","0"
Notkerseggweg,W3,"975","0"
Solitüdenweg,W2,"444","0"
Büchelstrasse,G2,"74","0"
Metallstrasse,G2,"310","0"
Bogenstrasse,G2,"54","0"
Pestalozzistrasse,G2,"363","0"
Fliederstrasse,G2,"118","0"
Obere Engelaustrasse,G2,"343","0"
Buchstrasse,G2,"72","0"
Seeblickstrasse,G1,"437","0"
Hebelstrasse,G2,"194","0"
Gotthelfstrasse,G2,"157","0"
Möslenstrasse,G3,"315","0"
Florastrasse,G2,"119","0"
Beatusstrasse,G2,"32","0"
Kolosseumstrasse,G2,"257","0"
Pelikanstrasse,G2,"362","0"
Espenmoosstrasse,G2,"100","0"
Zieglerstrasse,G2,"544","0"
Rappensteinstrasse,G2,"370","0"
Röschstrasse,G2,"385","1"
Oberzilstrasse,G2,"353","0"
Burenbüchelstrasse,G2,"76","0"
Lindenstrasse,G1,"289","1"
Maderstrasse,G3,"628","0"
Ludwigstrasse,G2,"294","0"
Girtannerweg,W1,"147","0"
Schmiedgasse,G2,"416","0"
Tigerbergstrasse,G2,"490","0"
Vadianstrasse,G1,"509","3"
Gutenbergstrasse,W1,"917","1"
Gerbeweg,G3,"141","0"
Burentobelweg,W2,"1016","0"
Tulpenweg,W2,"887","0"
Burgstrasse,G2,"78","0"
Falkensteinstrasse,G1,"107","0"
Folcharttreppe,W1,"747","0"
Laderenweg,W2,"800","0"
Glaserstrasse,G3,"149","0"
Hätterenweg,G3,"176","0"
Mövenstrasse,G2,"564","0"
Wildeggstrasse,G1,"536","0"
Moosweg,G3,"322","0"
Ludwigstrasse,G1,"294","0"
Moosweg,G3,"322","0"
Waisenhaustreppe,W1,"945","0"
Hätterenweg,W2,"176","0"
Wartmannstrasse,G2,"524","0"
Burgstrasse,G1,"78","2"
Kublystrasse,G2,"1006","0"
Birnbäumenstrasse,G2,"43","0"
Schorenstrasse,G1,"424","0"
St.Leonhard-Strasse,G1,"464","3"
Berneggstrasse,G2,"38","0"
Segantinistrasse,G2,"438","0"
Tanneichenweg,W2,"484","0"
Aetschbergstrasse,G2,"7","0"
Kasernenweg,W1,"658","0"
Gerhardtweg,W2,"1038","0"
Bedastrasse,G2,"34","0"
Wolfgangstrasse,G2,"540","0"
Bachweidstrasse,G2,"25","0"
Fähnernweg,W1,"104","0"
Brauerstrasse,G2,"59","1"
Gitzibüelweg,W2,"682","0"
Notkerseggweg,G3,"975","0"
Kesselhaldenstrasse,W2,"248","0"
Wägenwaldstrasse,G3,"514","0"
Kasperstöckweg,W2,"695","0"
Schachenbüelweg,G3,"401","0"
Dufourstrasse,G2,"91","0"
Gübsenweg,W1,"915","0"
Spiltrückliweg,W3,"990","0"
Meienbergweg,W1,"1032","0"
Harzbüchelstrasse,G1,"191","3"
Kapellenweg,W1,"791","0"
Oberhofstettenstrasse,G1,"350","0"
Stationsweg,W2,"467","0"
Mittelholzerstrasse,G2,"313","0"
Schachenbüelweg,G3,"401","0"
Parketteriestrasse,G2,"358","0"
Gallusstrasse,G2,"133","0"
Altenwegenstrasse,G3,"11","0"
Brogerhaldenweg,W1,"719","0"
Berneggweg,W2,"674","0"
Stahlstrasse,G2,"465","0"
Seitzstrasse,G2,"439","0"
Zylistrasse,G2,"554","0"
Birnbäumentreppe,W1,"716","0"
Hüttenwiesstrasse,G2,"586","0"
Röteliweg,W1,"840","0"
Wettachstrasse,G3,"1012","0"
Lindenstrasse,G2,"289","0"
Fürstenlandstrasse,G1,"131","6"
Lilienstrasse,G2,"288","0"
St.Georgen-Strasse,G2,"461","0"
Iddastrasse,G2,"226","0"
Oberer Hompeliweg,W2,"822","0"
Poststrasse,G1,"366","3"
Sonnenhaldenstrasse,G1,"449","0"
Gallusstrasse,G2,"133","1"
Hohermuthweg,W1,"1065","0"
Alter Eggsaumweg,W2,"951","0"
Wiesenmühleweg,W2,"532","0"
Flurhofstrasse,G1,"121","3"
Blarerstrasse,G2,"47","0"
Ullmannstrasse,G2,"501","0"
Dreilindenhang,G2,"89","0"
Zeughausgasse,G2,"543","0"
Auweg,G3,"23","0"
Andreasstrasse,G2,"15","0"
Hohermuthweg,W1,"1065","0"
Kreuzackerstrasse,G2,"654","0"
Splügenweg,W1,"933","0"
Ahornstrasse,G2,"9","0"
Ahornstrasse,G2,"9","0"
Kürsteinerstrasse,G3,"1068","0"
Frohbergstrasse,G1,"559","0"
Frohbergstrasse,G1,"559","0"
Frohbergstrasse,G1,"559","0"
Volksbadstrasse,G2,"512","0"
Burentobelweg,W2,"1016","0"
Wolfganghofweg,W2,"949","0"
Gotthelfstrasse,G1,"157","0"
Lindentalweg,W1,"963","0"
Gübsenweg,W1,"915","0"
Lindentalweg,W1,"963","0"
Lindentalweg,W1,"963","0"
Herisauer Strasse,G2,"203","0"
Zeppelinstrasse,G2,"1004","0"
Gübsenweg,W1,"915","0"
St.Georgen-Strasse,G1,"461","0"
Hochwachtstrasse,G2,"213","0"
Schachenbüelweg,W2,"401","0"
Treuackerstrasse,G2,"495","0"
Berneggwaldweg,W2,"673","0"
Nestweg,W2,"973","0"
Harzbüchelweg,W2,"773","0"
Brunneggstrasse,G2,"722","0"
Rappensteinstrasse,G2,"370","0"
Altmannweg,G3,"13","0"
Altmannweg,W2,"13","0"
Obere Berneggstrasse,G2,"341","0"
Vogelherdstrasse,G2,"1008","0"
Nussbaumwaldweg,W2,"976","0"
Helvetiastrasse,G2,"201","0"
Tunnelweg,W2,"888","0"
Frohsinnstrasse,G3,"128","0"
Herisauer Strasse,G1,"203","0"
Nussbaumwaldstrasse,G3,"819","0"
Schaugenmühleweg,G3,"851","0"
Untergädmenweg,W2,"994","0"
Katzenstrebelweg,W2,"1054","0"
Kesselhaldenstrasse,G1,"248","0"
Hüttenweg,G3,"693","0"
Kapfwaldweg,W2,"244","0"
Claudiusstrasse,G2,"80","0"
Reherstrasse,G2,"375","1"
Wallfahrtsweg,W2,"997","0"
Wolfgangstrasse,G1,"540","0"
Dreilindengässlein,W1,"735","0"
Dreilindengässlein,W1,"735","0"
Alte Konstanzer Strasse,W2,"620","0"
Hafnersbergweg,W2,"958","0"
Glärnischstrasse,G2,"148","0"
Dianastrasse,G2,"84","0"
Leimatstrasse,G2,"279","0"
Hölderlinweg,W2,"1057","0"
Blériotweg,G2,"666","0"
Kasperstöckweg,W2,"695","0"
Auwaldweg,G3,"953","0"
Steinbockstrasse,G2,"471","0"
Kammelenbergstrasse,G2,"241","0"
Hasenwäldliweg,W3,"688","0"
Schokoladenweg,G3,"423","0"
Rosenbüchelweg,W2,"835","0"
Lindentalstrasse,G2,"290","1"
Veilchenweg,G3,"511","0"
Lämmlisbrunnenstrasse,G1,"270","0"
Waldgutweg,W2,"946","0"
Bahnhofplatz,G2,"27","8"
Museumstrasse,G2,"328","1"
Primelweg,G2,"367","0"
Axensteinstrasse,G2,"24","0"
Hasenwäldliweg,W2,"688","0"
Allmendstrasse,G3,"1050","0"
Arenaweg West,W2,"1035","0"
Geigerstrasse,G2,"656","0"
Schoretshuebstrasse,G3,"425","0"
Kesswilweg,G3,"697","0"
Geltenwilenstrasse,KS1,KS4b,"3"
Torstrasse,KS1,KS3a,"2"
A1,NS,A1,"0"
Rehetobelstrasse,KS1,KS99b,"0"
Linsebühlstrasse,KS1,KS5b,"0"
Geissbergstrasse,KS1,KS44,"0"
Schönbüelstrasse,NS,BS6a,"0"
A1,NS,A1,"5"
Zürcher Strasse,NS,BS2c,"3"
Schönbüelstrasse,KS1,KS6a,"0"
Gatterstrasse,G2,"135","0"
Lindentalstrasse,G2,"290","0"
Walenbüchelstrasse,G2,"520","0"
Kleine-Stuelegg-Weg,W2,"1075","0"
Zwinglistrasse,G1,"552","0"
Winkelriedstrasse,G1,"539","0"
Winkelriedstrasse,G1,"539","0"
Pappelweg,G3,"356","0"
Brühltor-Passage,KS1,KS1a,"0"
Grütliweg,W2,"168","0"
Wenigerstrasse,G2,"597","0"
Kesselhaldenstrasse,G2,"248","0"
Schützengasse,G2,"431","0"
Dufourstrasse,G2,"91","0"
Achslenweg,W2,"2","0"
Hirtenweg,W2,"212","0"
Eisbahnweg,G3,"557","0"
Färberweg,W1,"741","0"
Bergbachweg,W2,"1051","0"
Herisauer Strasse,W1,"203","0"
Hätterenwaldweg,W2,"1053","0"
Hätterenwaldweg,W2,"1053","0"
Harfenbergstrasse,G2,"189","0"
Waldgutstrasse,G2,"518","0"
Brauersteig,W2,"718","0"
Distelistrasse,G2,"87","0"
Winkelriedstrasse,G1,"539","0"
Höggersbergweg,W2,"1056","0"
Isenringweg,G2,"234","0"
Holunderweg,W2,"1052","0"
Falkenburgweg,W1,"740","0"
Lehnhaldenstrasse,G2,"277","0"
Krüsistrasse,G2,"1025","0"
Oberstrasse,G2,"352","0"
Untergädmenweg,G3,"994","0"
Napfbachstrasse,G3,"1022","0"
Blumenbergplatz,G1,"50","0"
Klosterweidlistrasse,G2,"254","0"
Russenweg,W1,"843","0"
Kräzernweg,W2,"699","0"
Föhrenstrasse,G2,"122","0"
Schönauweg,G2,"421","0"
St.Leonhard-Weg,W1,"1026","0"
Hinterlauben,G2,"210","0"
Lindenstrasse,G2,"289","0"
Hätterenweg,W3,"176","0"
Steinachstrasse,G2,"470","0"
Spiltrückliweg,W3,"990","0"
Schönaustrasse,G2,"420","0"
Gübsenseeweg,W3,"170","0"
Curtistrasse,G2,"728","0"
Curtiweg,W2,"1046","0"
Arenaweg Ost,W2,"1036","1"
Chlausenmülistrasse,G3,"727","0"
Taeuberweg,G3,"1031","0"
Dreilindenstrasse,G2,"90","0"
Wattbachstrasse,G3,"526","0"
Rietweg,W3,"981","0"
Oberbrandstrasse,G3,"592","0"
Herbrigweg,W3,"689","0"
Billenbergstrasse,W2,"607","0"
Rütiweiherweg,W3,"844","0"
Bellonatalweg,W3,"672","0"
Kreuzbühlstrasse,G2,"262","0"
Hüttenwiesweg,W1,"587","0"
Furglerweg,W1,"1040","0"
Moosbruggstrasse,G2,"318","0"
Teslastrasse,G2,"1059","1"
St.Georgen-Strasse,G2,"461","1"
Ochsenweidstrasse,G3,"826","0"
Bogenstrasse,G1,"54","0"
Lagerstrasse,G2,"271","1"
Galgentobelweg,W2,"1058","0"
Straubenzellstrasse,G2,"477","0"
Guisanstrasse,G1,"174","1"
Webergasse,G2,"528","0"
Wassergasse,G1,"525","1"
Hohermuthweg,W1,"1065","0"
Blarerweg,W1,"1061","0"
Sonnrainweg,G2,"453","0"
Schaugenbadweg,W2,"849","0"
Turnerstrasse,G1,"499","1"
Oberhofstettenstrasse,G2,"350","0"
Peter-und-Paul-Weg,W2,"978","0"
Rietstrasse,G3,"659","0"
Bionstrasse,G2,"653","0"
Stationsstrasse,G2,"466","0"
Sonderstrasse,W2,"445","0"
Tetznerstrasse,G2,"1062","0"
Lindentalweg,W1,"963","0"
Ulmenweg,W1,"1070","0"
Heiligkreuzstrasse,W2,"197","0"
Ahornstrasse,G3,"9","0"
Billenbergstrasse,W2,"607","0"
Güterbahnhofstrasse,G2,"916","0"
Rechensteg,W2,"927","0"
Wolfganghofweg,W1,"949","0"
Wolfganghof,G2,"636","0"
Wolfganghofweg,W2,"949","0"
Wolfganghofweg,W2,"949","0"
Wolfganghofweg,W2,"949","0"
Heinrichsbadweg,W2,"776","0"
Lindentalweg,W1,"963","0"
Lindentalweg,W1,"963","0"
Vogelherdweg,G3,"604","0"
Heinrichsbadstrasse,KS1,KS91,"0"
Lukasstrasse,KS1,KS59a,"3"
Heiligkreuzstrasse,KS1,KS59b,"0"
Oberstrasse,KS1,KS4c,"0"
Rosenbergstrasse,KS1,KS2b,"1"
Teufener Strasse,KS1,KS4d,"3"
Appenzeller Strasse,NS,BS90,"0"
Zürcher Strasse,NS,BS2c,"1"
Steinachstrasse,KS1,KS102,"0"
Wiesenweg,W1,"535","0"
Mühlenweg,W1,"325","0"
Untergädmenweg,W3,"994","0"
Horstweg,W2,"784","0"
Obere Mühlentreppe,W1,"345","0"
Fürstenlandweg,W1,"132","0"
Geissbüelweg,W2,"136","0"
Passerellenweg,W1,"827","0"
Röteliweg,W1,"840","0"
Rickenstrasse,G2,"380","0"
Schattengässlein,W1,"848","0"
Rosenfeldstrasse,G2,"388","0"
Schokoladenweg,G2,"423","0"
Seelenhofweg,G3,"864","0"
Sitterstrandweg,W2,"866","0"
Stollentreppe,W1,"881","0"
Stollentreppe,W1,"881","0"
Höflistrasse,G1,"216","0"
Telltreppe,W1,"885","0"
Telltreppe,W1,"885","0"
Telltreppe,W1,"885","0"
Sonnenhaldenstrasse,G3,"449","0"
Jahnstrasse,G2,"236","0"
Bärenweg,W2,"711","0"
Bohl,G2,"55","9"
Boppartshofstrasse,G2,"56","0"
Boppartstrasse,W1,"57","0"
Dierauertreppe,W1,"732","0"
Wartensteinstrasse,G3,"523","0"
Egghöhenweg,W2,"738","0"
Egghöhenweg,W2,"738","0"
Egghöhenweg,W2,"738","0"
Metallstrasse,G3,"310","0"
Kurzeggweg,W3,"967","0"
Mittlerer Hompeliweg,W2,"314","0"
Zentralstrasse,G2,"542","0"
Malvenweg,W2,"299","0"
Moosbruggtreppe,W1,"811","0"
Mülenen-Schluchtweg,W2,"813","0"
Stephanshornweg,W2,"602","0"
Wiesenbachstrasse,G2,"582","0"
Plattenweg,W2,"831","0"
Zwyssigweg,W1,"605","0"
Rosengasse,G2,"837","0"
Resedastrasse,G2,"379","0"
Scheffelsteinweg,W1,"853","0"
Aeusseres Hofgässlein,G2,"640","0"
Haldenstrasse,G2,"185","0"
Hintere Poststrasse,G2,"208","0"
Schwertgasse,G2,"436","1"
Starweg,W1,"877","0"
Wagnerstrasse,G2,"893","0"
Spiltrücklistrasse,G2,"455","0"
Kamorstrasse,G2,"242","0"
Alte Thurgauer Strasse,G3,"705","0"
Haggenbrücke,G3,"919","0"
Brühlgasse,G2,"62","2"
Buchenweg,W1,"725","0"
Amselweg,W1,"952","0"
Amselweg,W1,"952","0"
Marktgasse,G2,"300","0"
Tschudistrasse,G2,"496","0"
Finkenstrasse,G2,"745","0"
Lessingstrasse,G2,"284","0"
Kugelgasse,G2,"269","0"
Davidshalden,W1,"729","0"
Tivoliweg,G3,"491","0"
Bubenbergweg,W1,"724","0"
Am Stutz,W1,"707","0"
Kapfweg,W2,"245","0"
Im Grund,G2,"229","0"
Waltramweg,W2,"899","0"
Spitalgasse,G2,"457","0"
Weidenmannstrasse,G3,"1011","0"
Bahnhofstrasse,G1,"28","3"
Untere Hagenbuchwaldstrasse,G3,"890","0"
Knottergässlein,W1,"795","0"
Schuppisstrasse,G2,"433","0"
Rosenheimstrasse,G2,"391","0"
Gsellstrasse,G2,"169","0"
Rotmontenweg,W2,"393","0"
Grubenweg,W1,"163","0"
Rosengartentreppe,W1,"836","0"
Rosenbüchelweg,W3,"835","0"
Greithstrasse,G2,"160","0"
Rickenweg,W1,"833","0"
Gesstreppe,W1,"145","0"
Etzelbüntstrasse,G2,"584","0"
Hintere Singenbergstrasse,G2,"778","0"
Hechtgasse,W2,"562","0"
Farbgutstrasse,G3,"108","0"
Falkenburgstrasse,G3,"106","0"
Ruhsitzsteig,W2,"983","0"
Engelgasse,G2,"96","0"
Kriemlersweidweg,W3,"966","0"
Langweidweg,W2,"275","0"
Aeusserer Sonnenweg,G2,"8","1"
Buchstrasse,G3,"72","0"
Sonderweg,W2,"446","0"
Winkelbachstrasse,G3,"538","0"
Bavariaweg,W2,"671","0"
Hätterenweg,W2,"176","0"
Rosenbergweg,G2,"655","0"
Paracelsusgässlein,G3,"1000","0"
Wolfganghof,G2,"636","0"
Schneebergtreppe,W1,"618","0"
Oberbrandstrasse,W2,"592","0"
Gatterstrasse,G3,"135","0"
Pelikanstrasse,G2,"362","0"
Fürstenlandstrasse,G3,"131","0"
Magnibergtreppe,W1,"806","0"
Hügelweg,W2,"786","0"
Hügelweg,W2,"786","0"
Obere Berneggstrasse,G3,"341","1"
Fichtestrasse,G2,"114","0"
Lange Stiege,W1,"801","0"
Lindenstrasse,G1,"289","0"
Notkerseggweg,W3,"975","0"
Notkerseggweg,W2,"975","0"
Moosgartenstrasse,G2,"319","0"
Schiltackerweg,W2,"856","0"
Vonwilstrasse,G2,"513","0"
Kurzenbergstrasse,G2,"606","0"
Ruhbergstrasse,G2,"396","1"
Tellstrasse,G2,"487","0"
Felsenstrasse,G1,"113","2"
Kesslerstrasse,G1,"249","0"
Gäbrisstrasse,G2,"756","0"
Rehweidstrasse,G2,"377","0"
Zwinglistrasse,G1,"552","0"
Bubenbergstrasse,G3,"68","0"
Sandrainstrasse,G2,"580","0"
Lessingstrasse,G2,"284","0"
Schwalbenstrasse,G2,"434","0"
Steigerstrasse,G2,"469","0"
Goethestrasse,G2,"151","0"
Heimatstrasse,G1,"198","1"
Kolumbanstrasse,G2,"634","0"
Kolosseumstrasse,G1,"257","0"
Schlösslistrasse,G2,"413","0"
Domänenstrasse,G2,"88","0"
Birnbäumentreppe,W1,"716","0"
Hagenbuchstrasse,G2,"180","0"
Brauerstrasse,G2,"59","1"
Grütlistrasse,G2,"167","0"
Leestrasse,G3,"276","0"
Falkensteinstrasse,G2,"107","0"
Spyristrasse,G2,"460","0"
Storchenstrasse,G2,"476","0"
Bachstrasse,G1,"593","1"
Langackerstrasse,G2,"273","0"
Kantiweg,W1,"694","0"
Demutweg,W1,"730","0"
Blumenaustrasse,G2,"49","0"
Girtannerstrasse,G2,"146","0"
Paradiesstrasse,G2,"357","0"
Falkenburgweg,W1,"740","0"
Kornhausstrasse,G1,"259","4"
Schillerstrasse,G2,"411","0"
Schönaustrasse,G1,"420","0"
Straubenzellstrasse,G2,"477","0"
Kräuterweg,W2,"698","0"
Stephanshornstrasse,G2,"473","0"
Hofweg,W2,"999","0"
Lustgartenstrasse,G2,"296","0"
Pestalozziweg,W1,"830","0"
Sömmerlistrasse,G2,"442","0"
Büchelstrasse,G2,"74","0"
Brauerstrasse,G2,"59","0"
Achslenweg,W2,"2","0"
Huebweg,W2,"922","0"
Gerhardtweg,W2,"1038","0"
Kornhausstrasse,G1,"259","2"
Huebstrasse,G2,"224","0"
Waldackerweg,W2,"894","0"
Freudenbergweg,W2,"913","0"
Schorenplatz,G2,"862","0"
Buchenweg,W1,"725","0"
Schneebergstrasse,G2,"417","0"
Lokremisenweg,W1,"1037","0"
Berneggtreppe,W1,"713","0"
Scheibenackerweg,W1,"854","0"
Tambourenweg,W2,"884","0"
Storchenstrasse,G3,"476","0"
Hüttenwiesstrasse,G3,"586","0"
Kreuzbleicheweg,W1,"962","0"
Studengüggiweg,W2,"939","0"
Passerellenweg,W2,"827","0"
Stadtparkweg,W1,"993","0"
Gitzibüelweg,W2,"682","0"
Berneggtreppe,W1,"713","0"
Obere Felsenstrasse,G2,"344","0"
Felsentreppe,W1,"743","0"
Jüchstrasse,G3,"239","0"
Brandstrasse,G2,"58","0"
Lochweg,W2,"969","0"
Rorschacher Strasse,G1,"386","1"
Tutilostrasse,G2,"500","0"
Ackerstrasse,G2,"3","0"
Berneggtreppe,W1,"713","0"
Farbgutweg,W2,"679","0"
Höchster Weg,W3,"691","0"
Joosrütistrasse,G3,"237","0"
St.Georgen-Strasse,G2,"461","0"
Im Hölzli,G2,"230","0"
Lukasmühleweg,W2,"1027","0"
Grünbergstrasse,G2,"165","0"
Steinachstrasse,G1,"470","0"
Staubhusenstrasse,W2,"878","0"
Berneggstrasse,G2,"38","0"
Gübsenstrasse,G3,"171","0"
Gübsenseeweg,W2,"170","0"
Dufourstrasse,G1,"91","0"
Altwinkelnstrasse,G2,"14","0"
Bleichestrasse,G2,"48","0"
Raiffeisenplatz,G2,"1029","1"
Spinnereistrasse,G1,"572","2"
Wattbachstrasse,G2,"526","0"
Kräzernstrasse,G1,"260","1"
Kapfwaldweg,G3,"244","0"
Schillerstrasse,G2,"411","0"
Freudenbergstrasse,W2,"751","0"
Chanzlenweg,W2,"677","0"
Kellersholzweg,W2,"696","0"
Bachweidweg,W3,"669","0"
Langbruggweg,W3,"968","0"
Letzistrasse,G2,"286","0"
Bellonatalweg,W2,"672","0"
Wolfgangstrasse,G2,"540","0"
Kräzernstrasse,G2,"260","0"
Spiseggweg,W2,"991","0"
Schiltackerweg,W2,"856","0"
Langgasse,G1,"274","0"
Neuhofweg,G3,"336","0"
Mühlenstrasse,G3,"324","0"
Rütistrasse,G3,"395","0"
Wallstrasse,G2,"521","0"
Herisauer Strasse,G1,"203","2"
Bahnhof-Unterführung,W1,"670","0"
Espentobelstrasse,G3,"102","0"
Peter-und-Paul-Weg,W2,"978","0"
Egghöhenweg,W2,"738","0"
Gartenstrasse,G1,"134","1"
Schreinerweg,W2,"987","0"
Hinterberg,G2,"205","0"
Ziegeleiweg,W1,"1048","0"
St.Georgen-Strasse,G1,"461","6"
Hinterbergstrasse,W1,"206","0"
Solitüdenweg,G3,"444","0"
Rechenwaldstrasse,G1,"373","0"
Kirchlistrasse,G2,"251","1"
Wildparkweg,W2,"998","0"
Wilenweg,W2,"904","0"
Frohbergstrasse,G1,"559","0"
Güterbahnhofstrasse,G2,"916","0"
Moosmühlestrasse,W2,"320","0"
Wolfganghofweg,W2,"949","0"
Wolfganghofweg,W2,"949","0"
Wolfganghofweg,W1,"949","0"
Wolfganghofweg,W2,"949","0"
Wolfganghofweg,W2,"949","0"
Oberer Fidesweg,W2,"820","0"
Sturzeneggstrasse,G3,"480","0"
Sturzeneggstrasse,G3,"480","0"
Gübsenweg,W1,"915","0"
Tröckneturmweg,W2,"1076","0"
Spühlstrasse,G2,"1066","0"
Kolumbanstrasse,KS1,KS59c,"1"
A1,NS,A1,"0"
Talweg,W2,"482","0"
Tablatweg,W1,"941","0"
Berneggtreppe,W1,"713","0"
Berneggstrasse,G2,"38","0"
Kasernenweg,W1,"658","0"
Hebelstrasse,W1,"194","0"
Lilienthalstrasse,G3,"1002","0"
Hirtenstrasse,G2,"211","0"
Hadwigstrasse,G2,"175","0"
Güetlistrasse,G3,"173","0"
Schäfliweg,W1,"847","0"
Greifenstrasse,G3,"159","0"
Oberhofstettenweg,G3,"632","0"
Oberhofstettenweg,W2,"632","0"
Reherweg,W1,"617","0"
Dunantstrasse,G2,"615","0"
Goldbrunnenstrasse,G2,"152","0"
Oberhaldenweg,W1,"824","0"
Pelikanstrasse,G2,"362","0"
Kalkofenweg,W2,"789","0"
Oberer Kirchliweg,G3,"348","0"
Spiseggweg,W2,"991","0"
Hügelweg,W1,"786","0"
Obere Friedhofstrasse,G2,"558","0"
Flaschnerweg,G2,"117","0"
Grünbergtreppe,W1,"763","0"
Freibergsträsslein,G3,"749","0"
Solitüdenweg,W2,"444","0"
Schäfliweg,W2,"847","0"
Piccardstrasse,G2,"648","0"
Zschokkestrasse,G2,"549","0"
Grenzstrasse,G2,"161","0"
Kesslerstrasse,G1,"249","0"
Pestalozzistrasse,G2,"363","0"
Varnbüelstrasse,G1,"510","2"
Tellstrasse,G2,"487","1"
Waldrainstrasse,G3,"590","0"
Holzstrasse,G1,"221","0"
Glockengasse,G2,"150","0"
Gotthelfstrasse,G1,"157","0"
Goethestrasse,G2,"151","0"
Rössliweg,W1,"839","0"
Gerhaldenstrasse,G1,"142","0"
Schubertweg,W1,"429","0"
Birtweg,W1,"717","0"
Molkenstrasse,G2,"317","0"
Schwanenstrasse,G2,"435","0"
Rabenstrasse,G2,"368","0"
Friedeggstrasse,G2,"126","0"
Fidesstrasse,G2,"116","0"
Kolosseumstrasse,G1,"257","0"
Buchentalstrasse,G1,"70","2"
Krontalstrasse,G2,"266","0"
Singenbergstrasse,G1,"440","2"
Scheidwegstrasse,G2,"407","0"
Reherweg,W2,"617","0"
Dunantweg,W1,"616","0"
Simonstrasse,G2,"621","0"
Berghaldenstrasse,G2,"36","0"
Federerstrasse,G2,"109","0"
Sternackerstrasse,G2,"474","0"
Konkordiastrasse,G2,"258","0"
Parkstrasse,G2,"359","0"
Dürrenmattstrasse,G2,"1049","0"
Hechtackerweg,W1,"196","0"
Gröbliweg,W1,"956","0"
Tannenstrasse,G2,"485","0"
Kreuzhofweg,G3,"264","0"
Eisbahnstrasse,G2,"665","0"
Schlösslitreppe,W1,"859","0"
Spiltrückliweg,W2,"990","0"
Rechenstrasse,G1,"372","0"
Gessnerstrasse,G1,"144","0"
Winkelriedstrasse,G1,"539","0"
Gübsenstrasse,G2,"171","0"
Dietlistrasse,G2,"86","0"
Wengistrasse,G3,"531","0"
Wiesenweidstrasse,G3,"576","0"
Marsstrasse,G3,"302","0"
Untere Mühlentreppe,W1,"892","0"
Rechenwaldweg,W2,"980","0"
Stauffacherstrasse,G2,"468","0"
Menzlenstrasse,G3,"925","0"
Rehetobelstrasse,G1,"376","0"
Neudorfweg,W2,"974","0"
Unterstrasse,G2,"508","0"
Unterstrasse,G2,"508","0"
Studengüggiweg,W3,"939","0"
Untere Lindentalstrasse,G2,"657","0"
Wägenwaldstrasse,W2,"514","0"
Schachenbüelweg,G3,"401","0"
Gauklerweg,W2,"1042","0"
Sittertalstrasse,G2,"441","0"
Spichermannweg,W3,"989","0"
Blumenwiesweg,W2,"676","0"
Hohenwiesenweg,W3,"692","0"
Lachenweg,W2,"1043","0"
Spichermannstrasse,W3,"934","0"
Joosrütiweg,G3,"238","0"
Unterer Kirchliweg,W1,"507","0"
Wiesenmühleweg,W2,"532","0"
Guggeienstrasse,W2,"764","0"
Guggeienweg,G3,"765","0"
Laderenweg,W2,"800","0"
Lehnhaldenweg,W1,"804","0"
Oberhaldenstrasse,G2,"349","0"
Geissbüelweg,G3,"136","0"
Salisstrasse,G2,"400","0"
Ruckhaldentreppe,W1,"842","0"
Altenwegenstrasse,G3,"11","0"
Schokoladenweg,W2,"423","0"
Seelenhofweg,W3,"864","0"
Haselstrasse,G2,"192","0"
Hasenwiesweg,G3,"193","0"
Wildeggtreppe,W1,"903","0"
Telltreppe,W1,"885","0"
Heimstrasse,G2,"199","0"
Sonneggstrasse,G2,"447","0"
Hintere Vadianstrasse,G3,"921","0"
Blumenbergplatz,G2,"50","0"
Bildweiherweg,W2,"675","0"
Bänkliweg,W2,"710","0"
Bärenweg,G3,"711","0"
Hohenwiesenweg,W3,"692","0"
Bienengässlein,G2,"715","0"
Birnbäumentreppe,W1,"716","0"
Kesswilweg,W3,"697","0"
Brauerstrasse,G2,"59","0"
Adlerbergstrasse,G3,"4","0"
Aepliweg,W2,"6","0"
Ahornstrasse,G3,"9","0"
Burgweiherweg,G3,"79","0"
Egghöhenweg,W2,"738","0"
Ekkehardstrasse,G2,"94","0"
Gäbrisstrasse,G2,"756","0"
Ruhsitztreppe,W1,"984","0"
Magnihalden,G2,"298","0"
Hexengässlein,W1,"777","0"
Fontanastrasse,G2,"124","0"
Nellusweg,W1,"815","0"
Langweidstrasse,G2,"581","0"
Oberer Leimatweg,W2,"583","0"
Kruggasse,G2,"798","0"
Rappensteinstrasse,G2,"370","0"
Quellenstrasse,G2,"588","0"
Rehetobelstrasse,G3,"376","0"
Hagenbuchstrasse,G2,"180","0"
Ruhsitzweg,G2,"642","0"
Sägegässlein,W1,"399","0"
Hintere Bahnhofstrasse,G2,"207","0"
Schwalbenstrasse,G2,"434","0"
Aeussere Schellenstrasse,G2,"703","0"
Walkeweg,W2,"897","0"
Brühlgasse-Durchbruch,W1,"720","1"
Bächlerweg,W2,"708","0"
Brühlweg,W1,"721","0"
Strebelstrasse,G2,"478","0"
Birkenweg,W1,"954","0"
Birkenweg,W1,"954","0"
Finkenweg,W1,"955","0"
Lettenstrasse,G2,"285","0"
Letzistrasse,G1,"286","0"
Lenaustrasse,G2,"280","0"
Kugelgasse,G2,"269","0"
Kugelgasse,G2,"269","0"
Marktplatz,G1,"301","1"
Burkhardstrasse,G2,"726","0"
Bruggwiesenweg,G3,"66","0"
Kreuzbleichestrasse,G3,"261","0"
Steingrüebliweg,G3,"935","0"
Steingrüeblistrasse,G2,"472","0"
Waltramweg,W2,"899","0"
Aetschbergweg,W1,"702","0"
Iltisstrasse,G2,"228","0"
Bachweidweg,W2,"669","0"
Untere Mühlentreppe,W1,"892","0"
Wattweg,W2,"649","0"
Hallwilweg,W1,"187","0"
Speichersteig,W1,"872","0"
Heinestrasse,G2,"200","0"
Klusstrasse,G2,"256","0"
Schaugentobelweg,G3,"852","0"
Guisanweg,W2,"766","0"
Rössliweg,W1,"839","0"
Waldackerstrasse,G3,"516","0"
Schreinerstrasse,G3,"427","0"
Gädmenstrasse,G3,"680","0"
Herisauer Strasse,G2,"203","0"
Stockbergstrasse,G2,"475","0"
Schaugentobelstrasse,G3,"404","0"
Beckenhaldenstrasse,G3,"33","0"
Dohlengässlein,W1,"734","0"
Eschenstrasse,G3,"99","0"
Holunderweg,W2,"1052","0"
Zilstrasse,G1,"545","1"
Hüttenweg,W3,"693","0"
Hüttenweg,W2,"693","0"
Alte Konstanzer Strasse,W2,"620","0"
Scheitlinstrasse,G2,"409","0"
Oberer Leimatweg,G2,"583","0"
Zürcher Strasse,G2,"551","1"
Im Feld,G2,"594","0"
Hirtenweg,W2,"212","0"
Hirtenstrasse,G3,"211","0"
Engelwiesweg,W1,"596","0"
Austrasse,G2,"22","0"
Schlösslitreppe,W1,"859","0"
Gessnerweg,W1,"760","0"
Klosterweidlistrasse,G3,"254","0"
Oberstrasse,G1,"352","6"
Sonnentalweg,W3,"988","0"
Sömmerliwaldstrasse,G1,"595","0"
Schoeckstrasse,G2,"419","0"
Ahornstrasse,G3,"9","0"
A1,NS,A1,"0"
Feldlistrasse,NS,BS56a,"0"
St.Leonhard-Strasse,KS1,KS4a,"1"
Bogenstrasse,NS,BS54,"0"
Scheitlinsbücheltreppe,W2,"855","0"
Lerchenfeldstrasse,G2,"626","2"
Otmarstrasse,G3,"355","0"
Kollertreppe,W1,"796","0"
Bernhardswiesweg,G2,"624","0"
Greithstrasse,G2,"160","0"
Neuwaldstrasse,G3,"817","0"
Pappelweg,W1,"356","0"
Nestweiherstrasse,G2,"334","0"
Magniberg,G3,"297","0"
Harfenbergtreppe,W1,"772","0"
Leestrasse,G3,"276","0"
Tempelackerstrasse,G3,"488","0"
Unterer Graben,G1,"505","0"
Splügenstrasse,KS1,KS58,"0"
Steinachstrasse,KS1,KS102,"5"
Rorschacher Strasse,KS1,KS1b,"0"
Zürcher Strasse,G3,"551","0"
Unterkapfweg,W3,"995","0"
Hintere Davidstrasse,G3,"556","0"
Hügelstrasse,G2,"785","0"
Iddaweg,W1,"787","0"
Goethestrasse,G2,"151","0"
Kesselhaldenhof,G2,"635","0"
Goliathgasse,G2,"154","1"
Ringelbergstrasse,G2,"383","0"
Schönbrunnstrasse,G2,"422","0"
Schoretshuebstrasse,G2,"425","0"
Höchster Strasse,G3,"215","0"
Zypressenweg,W1,"905","0"
Toggenburggässlein,W1,"886","0"
Blumenbergplatz,G1,"50","0"
Wolfganghofweg,W1,"949","0"
Bernhardsbachweg,G3,"714","0"
Untere Kräzern,G3,"943","0"
Ahornstrasse,G2,"9","0"
Eichenstrasse,G2,"92","0"
Egghöhenweg,W2,"738","0"
Egghöhenweg,W2,"738","0"
Engelauweg,W1,"739","0"
Ekkehardstrasse,G2,"94","0"
Frohsinntreppe,W1,"754","0"
Rosenberg-Unterführung,W1,"982","0"
Näfenackerstrasse,G3,"330","0"
Zilstrasse,G3,"545","0"
Nordstrasse,G2,"337","0"
Klussteig,W1,"794","0"
Alte Konstanzer Strasse,G3,"620","0"
Rosensteig,W2,"838","0"
Hafnerwaldstrasse,G3,"625","0"
Rotachstrasse,G2,"392","0"
Grütlistrasse,G2,"167","0"
Waldaustrasse,G2,"517","0"
Hintere Bahnhofstrasse,G2,"207","0"
Hintere Poststrasse,G2,"208","0"
Spittelerweg,W1,"876","0"
Fluhweg,W1,"912","0"
Kauffmannstrasse,G2,"1014","0"
Hungerbühlerstrasse,G2,"225","0"
Kachelweg,W1,"240","0"
Spiltrücklistrasse,G3,"455","0"
Biserhofstrasse,G2,"45","0"
Biserhofstrasse,G1,"45","0"
Bruggstrasse,G2,"64","0"
Amselweg,W1,"952","0"
Falkenburgweg,W1,"740","0"
Finkenweg,W1,"955","0"
Weiherweidstrasse,G2,"530","0"
Meisenstrasse,G2,"306","0"
Menzlenwaldweg,W2,"970","0"
Bucheggstrasse,G2,"69","0"
Kreuzbühlweg,W1,"263","0"
Bruggwiesenweg,W2,"66","0"
Kesselhaldenstrasse,G2,"248","0"
Kapfweg,W3,"245","0"
Spittelerstrasse,G2,"458","0"
Goldachtobelweg,W3,"683","0"
Goldachtobelweg,G3,"683","0"
Gädmenweg,W3,"681","0"
Freudenbergweg,W2,"913","0"
Holzstrasse,G2,"221","0"
Hardungstrasse,G3,"188","0"
Knottergässlein,W1,"795","0"
Augustinergasse,G2,"21","0"
Schlösslitreppe,W1,"859","0"
Schlösslitreppe,W1,"859","0"
Schlosserweg,G2,"858","0"
Haggenstrasse,G2,"183","0"
Rössliweg,W1,"839","0"
Haggenstrasse,G3,"183","0"
Riederenholzweg,G3,"834","0"
Schlösslistrasse,G2,"413","0"
Rotmontenweg,W2,"393","0"
Nottenbergweg,W2,"818","0"
Nussbaumstrasse,G2,"566","1"
Notkerstrasse,G2,"338","0"
Huebweg,G3,"922","0"
Molkenweg,W1,"810","0"
Farbgutstrasse,G2,"108","0"
Hardungweg,W1,"771","0"
Espentobelstrasse,G2,"102","0"
Lehnstrasse,G3,"278","0"
Linsebühlstrasse,G1,"291","0"
Metzgergasse,G2,"311","1"
Goldbrunnenweg,G3,"153","0"
Dreilindengässlein,W1,"735","0"
Dianaweg,W1,"731","0"
Ruhbergtreppe,W1,"928","0"
Höchster Weg,W2,"691","0"
Achslenstrasse,G2,"1","0"
Obere Wassergasse,W2,"926","0"
Isenringweg,W1,"234","0"
Ikarusstrasse,G3,"1007","0"
Weiherweidweg,W1,"901","0"
Solitüdenstrasse,G3,"443","0"
Asternweg,W2,"19","0"
Apfelbergweg,W1,"18","0"
Hebelstrasse,G2,"194","0"
Kreuzackerstrasse,G2,"654","0"
Andreasstrasse,G2,"15","0"
Hadwigstrasse,G2,"175","0"
Scheibenackerstrasse,G2,"406","0"
Boppartweg,W1,"619","0"
Röschstrasse,G2,"385","0"
Goldbrunnenweg,W2,"153","0"
Favrestrasse,G2,"611","0"
Kalkofenweg,G3,"789","0"
Stueleggweg,W2,"591","0"
Gugghaldenstrasse,G3,"610","0"
Zschokkeweg,W1,"550","0"
Kalkofenweg,W2,"789","0"
Oberer Kirchliweg,W1,"348","0"
Paul-Brandt-Weg,G3,"361","0"
Paul-Brandt-Strasse,G2,"360","0"
Grünbergtreppe,W1,"763","0"
Laubengang,W1,"802","0"
Moosgartenweg,W2,"971","0"
Gübsenstrasse,W2,"171","0"
Brauersteig,W2,"718","0"
Oberstockenweg,W1,"825","0"
Hinterbergstrasse,G2,"206","0"
Waldackerweg,G3,"894","0"
Vadianstrasse,G2,"509","0"
Ilgenstrasse,G2,"227","0"
Grenzstrasse,G2,"161","0"
Hafnerwaldstrasse,G2,"625","0"
Lavaterstrasse,G2,"803","0"
Pestalozzistrasse,G2,"363","0"
Hörnlistrasse,G2,"783","0"
Gutenbergstrasse,G2,"917","0"
Speerstrasse,G2,"871","0"
Berghaldenplatz,G1,"35","0"
Tanneichenstrasse,G2,"603","0"
Gellertstrasse,G1,"137","0"
Bitzistrasse,G2,"46","0"
Schwalbenstrasse,G2,"434","0"
Konkordiastrasse,G2,"258","0"
Kolosseumstrasse,G2,"257","1"
Heiligkreuzstrasse,G1,"197","0"
Hodlerstrasse,G1,"214","0"
Spinnereiweg,W1,"875","1"
Rosengartenstrasse,G2,"390","0"
Guggeienhof,G2,"631","0"
Zilweg,G2,"546","0"
Spiltrückliweg,W3,"990","0"
Schachenstrasse,G2,"571","0"
Brückengasse,G2,"60","0"
Spitalstrasse,G2,"992","0"
Schellenweg,W1,"929","0"
Spelteriniplatz,G2,"10325","0"
Girtannerweg,W1,"147","0"
Vonwilstrasse,G1,"513","0"
Hofstrasse,G2,"781","0"
Fluhstrasse,G2,"746","0"
Gaiserwaldweg,W1,"652","0"
Marktplatz,G1,"301","6"
Ruckhaldenweg,W1,"394","0"
Seeblickstrasse,G2,"437","0"
Moosstrasse,G2,"321","0"
Scheitlinsbüchelweg,G3,"408","0"
Gerhardtweg,W2,"1038","0"
Eisengasse,G3,"93","0"
Knottergässlein,W1,"795","0"
Zwyssigstrasse,G2,"553","0"
St.Georgen-Strasse,G2,"461","0"
Multergasse,G2,"327","0"
Achslenweg,G2,"2","0"
Schachenbachweg,W3,"985","0"
Felsenstrasse,G2,"113","0"
Gotthardweg,W3,"156","0"
Davidstrasse,G1,"82","2"
Geltenwilenstrasse,G2,"138","0"
Gauklerweg,W2,"1042","0"
Stockenweg,W2,"1017","0"
Remishuebstrasse,G3,"378","0"
Bleicheliweg,G3,"1045","0"
Lachenweg,W1,"1043","0"
Letzistrasse,G2,"286","0"
Aeplistrasse,G2,"5","0"
Ruhsitzstrasse,G2,"397","0"
Lochweg,W2,"969","0"
Spichermannstrasse,W2,"934","0"
Parkstrasse,G2,"359","0"
Erlachstrasse,G1,"98","1"
Gründenmoosweg,W1,"1034","0"
Rütiweiherweg,W2,"844","0"
Rötelistrasse,G2,"644","0"
Peter-und-Paul-Strasse,G1,"364","0"
Wattweg,G3,"649","0"
Blériotweg,W2,"666","0"
Meienbergstrasse,G2,"1030","0"
Panoramaweg,W2,"664","0"
Höhenweg,G2,"217","0"
Scheitlinsbüchelweg,W2,"408","0"
Bruggerweg,G3,"909","0"
Nasenweg,W2,"814","0"
Moosmühlestrasse,G3,"320","0"
Spichermannweg,W2,"989","0"
Hechtackerstrasse,G1,"195","0"
Obstgartenweg,W2,"1055","0"
Waldstrasse,G2,"896","0"
Wattstrasse,G3,"527","0"
Birnbäumenweg,W1,"1033","0"
Alpsteinstrasse,G2,"10","0"
Hardungstrasse,G2,"188","0"
Rathaus-Unterführung,W1,"979","0"
Dreilindenweg,W1,"736","0"
Grünaustrasse,G2,"164","1"
Baumgartenstrasse,G2,"31","0"
Hätterenweg,W2,"176","0"
Herisauer Strasse,G1,"203","1"
Werkstrasse,G2,"575","0"
Breitfeldstrasse,G2,"637","1"
Herisauer Strasse,G2,"203","0"
Schochengasse,G1,"418","0"
Schoretshuebstrasse,G3,"425","0"
Lessingstrasse,G2,"284","0"
Kapellenstrasse,G2,"243","0"
Oberstockenweg,W1,"825","0"
Herbrigweg,W2,"689","0"
Fellenbergstrasse,G2,"112","0"
Schreinerstrasse,G2,"427","0"
Kachelweg,W2,"240","0"
Rütistrasse,G2,"395","0"
Buchsteig,W2,"71","0"
Oberer Graben,G2,"347","0"
Auwaldweg,W2,"953","0"
Rechenstrasse,G3,"372","0"
Brauerstrasse,G3,"59","0"
Furglerstrasse,G2,"1039","0"
Dufourstrasse,G1,"91","0"
Lagerstrasse,G2,"271","0"
Oberer Graben,G1,"347","5"
Peter-und-Paul-Weg,W2,"978","0"
Gallusplatz,G2,"10093","0"
Hagenwiler Strasse,G3,"768","0"
Moosweg,W2,"322","0"
Zeppelinstrasse,G2,"1004","0"
Sonderstrasse,G2,"445","0"
Schellenweg,W1,"929","0"
Rosenbergstrasse,G2,KS2b,"0"
Langgasse,G3,"274","0"
Rosenbergweg,W1,"655","1"
Rosenheimstrasse,G2,"391","0"
Bogenweg,W1,"1074","0"
Güterbahnhofstrasse,G2,"916","0"
Obere Berneggstrasse,W1,"341","0"
Herisauer Strasse,G2,"203","0"
Gsellstrasse,G2,"169","0"
Gübsenseeweg,W1,"170","0"
Gübsenweg,W1,"915","0"
Landhausstrasse,G2,"272","0"
Laderenweg,W2,"800","0"
Taeuberweg,W2,"1031","0"
Goldbrunnenweg,G3,"153","0"
Höchster Waldweg,W2,"780","0"
Lerchentalweg,G3,"283","0"
Huebweg,W2,"922","0"
Altmannstrasse,G2,"12","0"
Straussenhausweg,G3,"882","0"
Hirtenweg,W2,"212","0"
Quimbystrasse,G3,"1028","0"
Vogelherdstrasse,W2,"1008","0"
Bruggwaldstrasse,G1,"65","3"
Lerchenfeldweg,G3,"281","0"
Walserstrasse,G2,"522","0"
Grüningerweg,W1,"1001","0"
Walenbüchelstrasse,G2,"520","0"
Hintere Erlachstrasse,G3,"690","0"
Nussbaumwaldstrasse,W2,"819","0"
Brandtobelstrasse,G3,"910","0"
Alleestrasse,W2,"667","0"
Hagenbuchwaldweg,G3,"959","0"
Neuwaldstrasse,G3,"817","0"
Schaugentobelweg,G3,"852","0"
Bernhardswiesstrasse,G2,"39","0"
Rehetobelstrasse,G1,"376","6"
Gatterstrasse,G2,"135","0"
Kesswilweg,G3,"697","0"
Wildeggtreppe,W1,"903","0"
Burggraben,KS1,KS5a,"0"
Tablatstrasse,KS1,KS99a,"0"
A1,NS,A1,"0"
Rorschacher Strasse,KS1,KS1b,"22"
Hafnersbergstrasse,NS,BS101,"0"
Appenzeller Strasse,KS1,KS90,"1"
Bildstrasse,NS,BS100,"0"
Geissbergstrasse,NS,BS44,"0"
Dufourstrasse,NS,BS91,"0"
Sonnenstrasse,KS1,KS57,"0"
Splügenstrasse,NS,BS58,"0"
Langgasse,KS1,KS3c,"11"
St.Josefen-Strasse,KS1,KS56b,"0"
Schönbüelstrasse,KS1,KS6a,"0"
St.Leonhard-Strasse,NS,BS4a,"0"
Bergstrasse,W1,"37","0"
Obere Wassergasse,W1,"926","0"
Isenringweg,W1,"234","0"
Huebweg,W2,"922","0"
Solitüdenstrasse,G1,"443","0"
Apfelbergweg,W1,"18","0"
Antoniusstrasse,G2,"17","0"
Schubertstrasse,G2,"428","0"
Engelwiesstrasse,G2,"638","0"
Schmittengässlein,W1,"861","0"
Lindeliweg,W2,"598","0"
Schäflisbergstrasse,G3,"403","0"
Reherweg,W2,"617","0"
Schäflerstrasse,G2,"402","0"
Obere Reherstrasse,G2,"614","0"
Pfauengässlein,G3,"365","0"
Oberer Kirchliweg,W1,"348","0"
Inneres Hofgässlein,G2,"788","0"
Hörnlistrasse,G2,"783","0"
Obere Büschenstrasse,G2,"342","1"
Fichtestrasse,G2,"114","0"
Unterschachenweg,G3,"996","0"
Unterschachenweg,W2,"996","0"
Höchster Waldweg,W3,"780","0"
Müller-Friedberg-Strasse,G1,"326","1"
Feldbachstrasse,G2,"110","0"
Lindenstrasse,G2,"289","0"
Merkurstrasse,G2,"309","0"
Melonenstrasse,G2,"308","0"
Schönaustrasse,G2,"420","0"
Schoretshuebweg,G2,"426","0"
Ramsenstrasse,G2,"369","0"
Rittmeyerstrasse,G2,"384","0"
Rosenfeldweg,G2,"389","0"
Schibistrasse,G2,"410","0"
Malvenweg,G3,"299","0"
Gerbeweg,W1,"141","0"
Erikastrasse,G2,"97","0"
Ilgenstrasse,G2,"227","0"
Schlosserstrasse,G2,"414","0"
Greifenstrasse,G2,"159","0"
Dahlienstrasse,G2,"81","0"
Schlatterstrasse,G2,"412","0"
Seeblickstrasse,G2,"437","0"
Herderstrasse,G2,"202","0"
Wiesenstrasse,G2,"533","0"
Myrtenstrasse,G3,"329","0"
Kronbergstrasse,G2,"265","0"
Wartensteinstrasse,G2,"523","0"
Wartensteinstrasse,G2,"523","0"
Demutstrasse,G1,"83","0"
Pelikanstrasse,G2,"362","0"
Heimatstrasse,G1,"198","0"
Kolumbanstrasse,G1,"634","1"
Lettenstrasse,G2,"285","0"
Wiesentalstrasse,G2,"534","1"
Sonderstrasse,G3,"445","0"
Sittertalsteg,W2,"964","0"
Krontalstrasse,G2,"266","0"
Bruggstrasse,G2,"64","0"
Fuchsenstrasse,G2,"130","0"
Buchwaldstrasse,G2,"73","0"
Schlosserweg,W2,"858","0"
Scheffelstrasse,G2,"405","0"
Ringelbergweg,G3,"382","0"
Gerhardtweg,G3,"1038","0"
Rosensteig,W2,"838","0"
Ahornstrasse,G3,"9","0"
Schönbüelweg,W2,"601","0"
Stephanshornweg,W2,"602","0"
Böcklinstrasse,G2,"53","0"
Falkensteinstrasse,G2,"107","0"
Burgstrasse,G2,"78","0"
Unterer Leimatweg,W1,"891","0"
Hagenbuchstrasse,G3,"180","0"
Tannenstrasse,G1,"485","0"
Jägerstrasse,G2,"235","1"
Tschudistrasse,G2,"496","0"
Leuenbergerstrasse,G2,"287","0"
Gerhardtweg,W2,"1038","0"
Zimmerstrasse,G2,"548","0"
Rosenbüchelweg,W3,"835","0"
Hintere Schützengasse,G2,"209","0"
Waisenhausstrasse,G2,"515","0"
Singenbergstrasse,G1,"440","0"
Lessingstrasse,G2,"284","0"
Achslenweg,G3,"2","0"
Berghaldenstrasse,G2,"36","0"
Eisbahnweg,W2,"557","0"
Oststrasse,G2,"354","0"
Kantonsschulparkweg,W1,"1041","0"
Edisonstrasse,G2,"1009","0"
Schützengartenweg,G2,"430","0"
Hätterenweg,W1,"176","0"
Hätterenweg,G3,"176","0"
Burgweiherweg,W2,"79","2"
Alte Bildstrasse,G2,"647","0"
Hagenbuchweg,W2,"687","0"
Martinsbruggstrasse,G1,"303","1"
Brühlweg,W1,"721","0"
Blumenaustrasse,W1,"49","0"
Haggenstrasse,G1,"183","2"
Waldmannweg,W1,"574","0"
Strebelstrasse,G3,"478","0"
Alte Konstanzer Strasse,W2,"620","0"
Schönbüelpark,G2,"1044","0"
Adlerbergstrasse,G2,"4","0"
Industriestrasse,G2,"231","0"
Auwaldweg,W2,"953","0"
Gaiserwaldweg,G3,"652","1"
Schorentreppe,W2,"930","0"
Kanzleigasse,G2,"790","0"
Tambourenstrasse,G2,"483","0"
Gellertweg,W1,"758","0"
Bildweiherstrasse,G1,"41","0"
Hagenbuchstrasse,G2,"180","0"
Folchartstrasse,G2,"123","0"
Abtwiler Weg,W2,"1063","0"
Kubelstrasse,G3,"268","0"
Gerhardtstrasse,G2,"608","0"
Obere Wildeggstrasse,G2,"346","0"
Gottfried-Keller-Strasse,G1,"155","2"
Obere Felsenstrasse,G3,"344","0"
Tivoliweg,W2,"491","0"
Unterer Brühl,W1,"504","0"
Martinsbruggstrasse,G3,"303","0"
Lochweg,G3,"969","0"
Brandstrasse,G3,"58","0"
Salisstrasse,G2,"400","1"
Hafnersbergstrasse,G2,"178","0"
Speicherstrasse,KS1,KS5c,"3"
Klosterplatz,KS1,"10405","0"
Zürcher Strasse,KS1,KS2c,"24"
Friedaustrasse,G2,"125","0"
Oberschachenstrasse,G3,"351","0"
Oberhofstettenstrasse,G2,"350","0"
Gröblistrasse,G2,"561","0"
Neststrasse,G2,"333","0"
Heidengässlein,W1,"774","0"
Neptunstrasse,G2,"332","0"
Militärstrasse,G2,"312","0"
Tempelackerstrasse,G2,"488","0"
Bürglistrasse,G2,"75","0"
Ulmenstrasse,G2,"502","0"
Melchtalstrasse,G2,"307","0"
Wiesenweg,W1,"535","0"
Oberschachenweg,W3,"977","0"
Mühlensteg,G3,"323","0"
Guggeienweg,W3,"765","0"
Haldenhof,G3,"769","0"
Oberer Fidesweg,W2,"820","0"
Steinachstrasse,KS1,KS102,"0"
Gründenstrasse,G2,"555","0"
Fichteweg,W1,"115","0"
Fichteweg,G3,"115","0"
Marktplatz-Durchgang,W1,"807","0"
Messmerweg,W1,"808","0"
Messmerweg,W1,"808","0"
Mittleres Hofgässlein,G2,"809","0"
Oberer Hompeliweg,W2,"822","0"
Scheidwegstrasse,G2,"407","0"
Röteliweg,W1,"840","0"
Pelikanweg,W2,"828","0"
Rilkestrasse,G2,"381","0"
Guggerweg,W1,"630","0"
Scheffelstrasse,G2,"405","0"
Guldinweg,G3,"651","0"
Hafnerstrasse,G2,"179","0"
Hochwachtstrasse,G3,"213","0"
Hölderlinstrasse,G2,"218","0"
Sonnenbergstrasse,G2,"448","0"
Langgasse,W2,"274","0"
Bodanstrasse,G3,"52","0"
Bänkliweg,W1,"710","0"
Kirchgasse,G2,"250","0"
Tannensteig,W1,"940","0"
Dietliweg,W2,"733","0"
Taubenstrasse,G2,"486","0"
Talstrasse,G3,"481","0"
Waaghausweg,G3,"944","0"
Dufourstrasse,G2,"91","0"
Gallusweg,W1,"757","0"
Nordstrasse,G2,"337","0"
Fähnernstrasse,G2,"103","0"
Fähnernstrasse,G2,"103","0"
Zilstrasse,G3,"545","0"
Färberstrasse,G2,"105","0"
Sonnentalweg,G3,"988","0"
Neugasse,G2,"335","1"
Flurhofstrasse,G3,"121","0"
Möslenweg,W1,"812","0"
Kesselhaldenweg,W1,"793","0"
Schönbüelweg,W2,"601","0"
Rappensteinweg,W1,"371","0"
Plattenweg,W2,"831","0"
Hüttenwiesstrasse,G2,"586","0"
Urnäschstrasse,G2,"589","0"
Scheffelsteinweg,W1,"853","0"
Lienertstrasse,G2,"627","0"
Bruggwaldpark,G2,"641","0"
Grütlistrasse,G3,"167","0"
Helvetiastrasse,G1,"201","1"
Herisauer Strasse,G2,"203","0"
Sägegässlein,G3,"399","0"
Hallwilstrasse,G3,"186","0"
Hofstettenstrasse,G2,"220","0"
Starweg,W1,"877","0"
Unterer Leimatweg,W1,"891","0"
Birnbäumenstrasse,G3,"43","0"
Alter Heinrichsbadweg,W2,"668","0"
Am Stutz,G3,"707","0"
Bankgasse,G2,"29","0"
Billenbergweg,W2,"42","0"
Geltenwilenstich,G3,"914","0"
Grünauweg,W1,"685","0"
Finkenweg,W1,"955","0"
Waisenhausstrasse,G2,"515","0"
Turnerstrasse,G2,"499","0"
Wiesenstrasse,G2,"533","0"
Finkenstrasse,G2,"745","0"
Marweesstrasse,G2,"304","0"
Moosgartenweg,W2,"971","0"
Davidshalden,W1,"729","0"
Stückelbergstrasse,G2,"479","0"
Tigerbergstrasse,G2,"490","0"
Gsellweg,W1,"686","0"
Spatzenweg,W2,"932","0"
Walltreppe,W1,"898","0"
A1,NS,A1,"0"
Bachweidweg,G3,"669","0"
Wienerbergstrasse,G2,"1015","0"
Sonnmattweg,G3,"452","0"
Freudenbergweg,W2,"913","0"
Sonnmattstrasse,G2,"451","0"
Hellerstrasse,G3,"1013","0"
Badstrasse,G2,"26","0"
Knottergässlein,W1,"795","0"
Speicherweg,W1,"873","0"
Russenstrasse,G3,"398","0"
Heusserstrasse,G2,"204","0"
Haggenstrasse,G2,"183","0"
Haggenhaldenweg,W1,"182","0"
Herbrigstrasse,G2,"643","0"
Grünhaldenstrasse,G3,"166","0"
Seidenhofstrasse,G2,"569","0"
Kronbergsteig,W1,"797","0"
Haggenhaldenstrasse,G2,"181","0"
Grossackerstrasse,G1,"162","0"
Wattstrasse,G2,"527","1"
Sturzeneggstrasse,G2,"480","0"
Sturzeneggstrasse,G3,"480","0"
Sittertalweg,W2,"867","0"
Friedhofstrasse,G2,"127","0"
Moosweiherweg,W2,"972","0"
Ahornstrasse,G1,"9","1"
Oberhofstettenstrasse,G3,"350","0"
Boppartstrasse,G2,"57","0"
Goethestrasse,G2,"151","0"
Rechenwaldstrasse,G3,"373","0"
Neuhofstrasse,G3,"961","0"
Anschwiler Weg,W2,"906","0"
Rosenbüchelstrasse,G2,"1024","0"
St.Georgen-Strasse,G3,"461","0"
Mingerstrasse,G2,"629","0"
Rosenfeldweg,G2,"389","0"
Hompelistrasse,G2,"222","0"
Taeuberweg,W2,"1031","0"
Falkenburgstrasse,G2,"106","0"
Brauersteig,W1,"718","0"
Zweibruggenmühlestrasse,G2,"1021","0"
Kreuzhofweg,W2,"264","0"
Notkerseggweg,W2,"975","0"
Hörlenweg,W2,"219","0"
Billenbergweg,W2,"42","0"
Lochstrasse,G3,"292","0"
Spiltrücklistrasse,G2,"455","0"
Buchsteig,W1,"71","0"
Solitüdenweg,W2,"444","0"
Gübsenseeweg,G3,"170","0"
Philosophentalweg,W2,"1060","0"
Birnbäumentreppe,W1,"716","0"
Frongartenstrasse,G2,"129","0"
Wilenstrasse,G3,"537","0"
Spisergasse,G2,"456","1"
Lerchentalstrasse,G2,"282","0"
Sitterstrandweg,W2,"866","0"
Freibergweg,W2,"750","0"
Kunklerstrasse,G2,"613","0"
Gaiserwaldstrasse,G2,"633","0"
Klubhausstrasse,G2,"255","0"
Galgentobelweg,G3,"1058","0"
Heinrichsbadweg,G3,"776","0"
Volksbadstrasse,G2,"512","0"
Riethüsliweg,G2,"1064","0"
Tempelackerstrasse,W1,"488","0"
Hätterenstrasse,G3,"623","0"
Gerbestrasse,G2,"140","0"
Waldauweg,W2,"895","0"
Biderstrasse,G1,"579","0"
Teufener Strasse,G1,"489","0"
Ginsterweg,W2,"1069","0"
Rosenheimstrasse,G2,"391","0"
Friedhofweg,W1,"753","0"
Wolfganghofweg,W2,"949","0"
Pappelweg,G2,"356","0"
Spühlweg,W2,"1067","0"
Piccardweg,W2,"1072","0"
Rosenbergweg,W1,"655","0"
Altwinkelnweg,W1,"706","0"
Ahornstrasse,G2,"9","0"
Ahornstrasse,G2,"9","0"
Falkensteinweg,W2,"1073","0"
Volksbadstrasse,G2,"512","0"
Böcklinstrasse,G2,"53","0"
Wolfganghofweg,W2,"949","0"
Wolfganghofweg,W2,"949","0"
Wolfganghofweg,W2,"949","0"
Oberer Fidesweg,W2,"820","0"
Altwinkelnweg,W1,"706","0"
Unterer Graben,KS1,KS2a,"3"
Martinsbruggstrasse,KS1,KS6b,"1"
St.Jakob-Strasse,KS1,KS3b,"10"
A1,NS,A1,"1"
Feldlistrasse,KS1,KS56a,"2"
Zürcher Strasse,KS1,KS2c,"0"
Rosenbergstrasse,NS,BS2b,"1"
Herisauer Strasse,NS,BS203,"0"
St.Leonhard-Strasse,NS,BS4a,"1"
Splügenstrasse,NS,BS58,"0"
Splügenstrasse,NS,BS58,"0"
Splügenstrasse,KS1,KS58,"0"
Rosenbergstrasse,KS1,KS2b,"4"
